,year,country,sex_,fecha,fatalidad,nueva_especie,edad_limpia
0,2018,usa,F,Unknown,N,white,57
1,2018,brazil,M,Unknown,N,Tiger,18
2,2018,usa,M,Unknown,N,Bull,15
3,2018,australia,M,Unknown,N,Grey,32
4,2018,england,M,Unknown,N,Desconocido,21
5,2018,costa rica,M,Unknown,N,Tiger,30
6,2018,australia,M,Unknown,N,Desconocido,60
7,2018,maldives,M,Unknown,N,Tiger,32
8,2018,south africa,M,Unknown,N,white,33
9,2018,south africa,M,Unknown,N,white,19
10,2018,usa,M,Unknown,N,Tiger,25
11,2018,australia,M,Unknown,N,Desconocido,10
12,2018,australia,M,Unknown,N,Desconocido,29
13,2018,australia,M,Unknown,N,Desconocido,18
14,2018,australia,F,Unknown,N,white,55
15,2018,australia,M,Unknown,N,Bull,35
16,2018,brazil,M,Unknown,N,Desconocido,20
17,2017,usa,F,Unknown,N,Tiger,54
18,2017,usa,M,Unknown,N,white,25
19,2017,australia,M,Unknown,N,Desconocido,25
20,2017,cuba,M,Unknown,N,Tiger,22
21,2017,australia,M,Unknown,N,Desconocido,31
22,2017,australia,F,Unknown,N,white,15
23,2017,usa,M,Unknown,N,Tiger,54
24,2017,usa,F,Unknown,N,Desconocido,40
25,2017,usa,M,Unknown,N,Desconocido,33
26,2017,usa,M,Unknown,N,Desconocido,18
27,2017,australia,M,Unknown,N,white,35
28,2017,australia,M,Unknown,N,white,37
29,2017,spain,F,Unknown,N,Desconocido,11
30,2017,usa,M,Unknown,N,white,29
31,2017,usa,M,Unknown,N,Desconocido,13
32,2017,usa,M,Unknown,N,Desconocido,34
33,2017,usa,M,Unknown,N,Desconocido,10
34,2017,usa,M,Unknown,N,white,40
35,2017,usa,M,Unknown,N,white,50
36,2017,usa,M,Unknown,N,Bull,46
37,2017,south africa,F,Unknown,N,white,13
38,2017,australia,M,Unknown,N,white,48
39,2017,bahamas,F,Unknown,N,Tiger,32
40,2017,usa,F,Unknown,N,Desconocido,18
41,2017,australia,F,Unknown,N,white,17
42,2017,usa,M,Unknown,N,Tiger,28
43,2017,usa,F,Unknown,N,Bull,17
44,2017,australia,M,Unknown,N,Bull,55
45,2017,indonesia,M,Unknown,N,Bull,48
46,2017,australia,M,Unknown,N,Desconocido,20
47,2016,south africa,M,Unknown,N,white,55
48,2016,usa,M,Unknown,N,Desconocido,19
49,2016,australia,M,Unknown,N,Desconocido,20
50,2016,australia,M,Unknown,N,white,29
51,2016,australia,M,Unknown,N,Desconocido,29
52,2016,usa,F,Unknown,N,Tiger,58
53,2016,usa,M,Unknown,N,Desconocido,36
54,2016,australia,M,Unknown,N,white,17
55,2016,usa,M,Unknown,N,Desconocido,60
56,2016,usa,F,Unknown,N,Tiger,51
57,2016,usa,M,Unknown,N,Bull,25
58,2016,usa,M,Unknown,N,Tiger,21
59,2016,spain,M,Unknown,N,Desconocido,40
60,2016,australia,M,Unknown,N,Desconocido,31
61,2016,usa,M,Unknown,N,white,61
62,2016,usa,M,Unknown,N,Desconocido,59
63,2016,australia,M,Unknown,N,Desconocido,34
64,2016,usa,M,Unknown,N,Desconocido,42
65,2016,usa,F,Unknown,N,Desconocido,25
66,2016,usa,M,Unknown,N,Desconocido,19
67,2016,usa,M,Unknown,N,Desconocido,27
68,2016,australia,F,Unknown,N,Desconocido,60
69,2016,egypt,M,Unknown,N,Desconocido,23
70,2016,australia,M,Unknown,N,white,29
71,2016,usa,M,Unknown,N,Desconocido,13
72,2016,usa,F,Unknown,N,Bull,22
73,2016,usa,M,Unknown,N,Desconocido,48
74,2016,usa,F,Unknown,N,Desconocido,23
75,2016,new zealand,M,Unknown,N,Desconocido,39
76,2016,indonesia,M,Unknown,N,Bull,24
77,2016,australia,M,Unknown,N,Desconocido,12
78,2016,french polynesia,M,Unknown,N,Grey,22
79,2016,french polynesia,M,Unknown,N,Grey,26
80,2016,new caledonia,F,Unknown,N,Tiger,29
81,2016,usa,M,Unknown,N,Tiger,48
82,2016,australia,M,Unknown,N,Desconocido,11
83,2016,australia,M,Unknown,N,Desconocido,31
84,2015,usa,M,Unknown,N,Desconocido,29
85,2015,australia,M,Unknown,N,Desconocido,43
86,2015,ecuador,M,Unknown,N,Desconocido,55
87,2015,australia,M,Unknown,N,Bull,20
88,2015,usa,F,Unknown,N,Desconocido,25
89,2015,usa,F,Unknown,N,Desconocido,28
90,2015,south africa,M,Unknown,N,white,42
91,2015,usa,M,Unknown,N,Desconocido,21
92,2015,usa,M,Unknown,N,Desconocido,21
93,2015,usa,M,Unknown,N,Desconocido,32
94,2015,usa,M,Unknown,N,Tiger,44
95,2015,usa,M,Unknown,N,Tiger,25
96,2015,usa,M,Unknown,N,Desconocido,13
97,2015,usa,M,Unknown,N,Desconocido,14
98,2015,usa,M,Unknown,N,Desconocido,22
99,2015,usa,M,Unknown,N,Desconocido,14
100,2015,usa,M,Unknown,N,Tiger,27
101,2015,usa,M,Unknown,N,Desconocido,12
102,2015,australia,M,Unknown,N,Desconocido,42
103,2015,usa,F,Unknown,N,white,50
104,2015,usa,M,Unknown,N,Desconocido,29
105,2015,australia,M,Unknown,N,white,62
106,2015,thailand,F,Unknown,N,Desconocido,37
107,2015,usa,F,Unknown,N,white,54
108,2015,usa,M,Unknown,N,white,21
109,2015,usa,M,Unknown,N,Desconocido,15
110,2015,usa,F,Unknown,N,Desconocido,10
111,2015,usa,M,Unknown,N,white,22
112,2015,spain,M,Unknown,N,Desconocido,10
113,2015,usa,M,Unknown,N,Desconocido,57
114,2015,australia,M,Unknown,N,white,52
115,2015,usa,M,Unknown,N,Desconocido,25
116,2015,usa,F,Unknown,N,Desconocido,35
117,2015,australia,M,Unknown,N,white,46
118,2015,usa,M,Unknown,N,white,38
120,2015,australia,M,Unknown,N,white,32
121,2015,usa,M,Unknown,N,Desconocido,29
122,2015,usa,M,Unknown,N,Desconocido,12
123,2015,usa,M,Unknown,N,Bull,18
124,2015,south africa,M,Unknown,N,white,19
125,2015,south africa,M,Unknown,N,white,23
126,2015,usa,M,Unknown,N,Desconocido,43
127,2015,usa,M,Unknown,N,Tiger,25
128,2015,australia,F,Unknown,N,white,37
129,2015,usa,M,Unknown,N,Bull,16
130,2015,usa,F,Unknown,N,Bull,12
131,2015,usa,F,Unknown,N,Desconocido,13
132,2015,usa,M,Unknown,N,Bull,11
133,2015,reunion,M,Unknown,N,Bull,47
134,2015,french polynesia,M,Unknown,N,Desconocido,19
135,2015,usa,M,Unknown,N,Desconocido,18
136,2015,south africa,M,Unknown,N,white,29
137,2015,usa,M,Unknown,N,Desconocido,63
138,2015,australia,M,Unknown,N,white,26
139,2015,australia,M,Unknown,N,white,29
140,2015,reunion,M,Unknown,N,Bull,13
141,2015,usa,M,Unknown,N,Bull,29
142,2015,brazil,M,Unknown,N,Desconocido,23
143,2015,usa,M,Unknown,N,Tiger,58
144,2015,french polynesia,M,Unknown,N,Desconocido,25
145,2015,reunion,F,Unknown,N,Tiger,22
146,2015,australia,M,Unknown,N,Desconocido,41
147,2015,australia,M,Unknown,N,Desconocido,35
148,2015,australia,M,Unknown,N,Bull,57
149,2015,usa,M,Unknown,N,Desconocido,20
150,2015,bahamas,F,Unknown,N,white,34
151,2015,south africa,M,Unknown,N,Desconocido,15
152,2014,australia,M,Unknown,N,white,17
153,2014,usa,M,Unknown,N,white,50
154,2014,australia,M,Unknown,N,Desconocido,40
155,2014,australia,M,Unknown,N,Tiger,17
156,2014,usa,M,Unknown,N,Desconocido,44
157,2014,usa,M,Unknown,N,Desconocido,53
158,2014,usa,F,Unknown,N,Tiger,34
159,2014,australia,F,Unknown,N,Desconocido,13
160,2014,usa,M,Unknown,N,Desconocido,29
161,2014,usa,M,Unknown,N,Desconocido,15
162,2014,usa,M,Unknown,N,Desconocido,28
163,2014,australia,M,Unknown,N,white,23
164,2014,australia,M,Unknown,N,Desconocido,50
165,2014,usa,M,Unknown,N,Bull,43
166,2014,usa,F,Unknown,N,white,20
167,2014,usa,M,Unknown,N,Desconocido,52
168,2014,usa,F,Unknown,N,Desconocido,13
169,2014,usa,M,Unknown,N,Bull,25
170,2014,usa,M,Unknown,N,Desconocido,10
171,2014,south africa,M,Unknown,N,white,20
172,2014,usa,M,Unknown,N,Desconocido,61
173,2014,usa,M,Unknown,N,Desconocido,39
174,2014,bahamas,M,Unknown,N,Desconocido,63
175,2014,usa,M,Unknown,N,Desconocido,19
176,2014,usa,M,Unknown,N,Desconocido,16
177,2014,australia,M,Unknown,N,Desconocido,39
178,2014,usa,F,Unknown,N,Bull,22
179,2014,australia,M,Unknown,N,white,35
180,2014,usa,F,Unknown,N,Desconocido,40
181,2014,usa,M,Unknown,N,Desconocido,23
182,2014,australia,F,Unknown,N,white,63
183,2014,australia,M,Unknown,N,Desconocido,38
184,2014,south africa,M,Unknown,N,Desconocido,29
185,2014,french polynesia,M,Unknown,N,Desconocido,21
186,2014,new zealand,M,Unknown,N,Desconocido,28
187,2013,new caledonia,M,Unknown,N,Bull,37
188,2013,south africa,M,Unknown,N,white,19
189,2013,usa,M,Unknown,N,Tiger,29
190,2013,usa,M,Unknown,N,Desconocido,30
191,2013,australia,M,Unknown,N,Desconocido,26
192,2013,australia,M,Unknown,N,Tiger,19
193,2013,australia,M,Unknown,N,white,35
194,2013,usa,M,Unknown,N,white,25
195,2013,usa,M,Unknown,N,Tiger,46
196,2013,australia,F,Unknown,N,Desconocido,60
197,2013,reunion,M,Unknown,N,Bull,24
198,2013,australia,M,Unknown,N,Desconocido,41
199,2013,usa,M,Unknown,N,white,45
200,2013,usa,M,Unknown,N,Tiger,25
201,2013,usa,M,Unknown,N,Desconocido,25
202,2013,south africa,M,Unknown,N,white,29
203,2013,australia,M,Unknown,N,white,55
204,2013,usa,M,Unknown,N,white,45
205,2013,usa,M,Unknown,N,Bull,21
206,2013,usa,F,Unknown,N,Desconocido,13
207,2013,usa,M,Unknown,N,Desconocido,43
208,2013,usa,M,Unknown,N,Desconocido,25
209,2013,usa,M,Unknown,N,Desconocido,25
210,2013,usa,F,Unknown,N,Tiger,20
211,2013,usa,M,Unknown,N,Bull,10
212,2013,usa,M,Unknown,N,Bull,17
213,2013,bahamas,M,Unknown,N,Desconocido,40
214,2013,usa,M,Unknown,N,Tiger,18
215,2013,bahamas,M,Unknown,N,Desconocido,64
216,2013,usa,M,Unknown,N,Desconocido,14
217,2013,usa,M,Unknown,N,Tiger,28
218,2013,usa,F,Unknown,N,Desconocido,10
219,2013,ecuador,M,Unknown,N,Desconocido,29
220,2013,reunion,M,Unknown,N,Bull,36
221,2013,usa,M,Unknown,N,Desconocido,16
222,2013,mexico,F,Unknown,N,Tiger,34
223,2013,australia,M,Unknown,N,Grey,51
224,2013,usa,M,Unknown,N,Desconocido,25
226,2013,french polynesia,M,Unknown,N,Desconocido,53
227,2013,usa,M,Unknown,N,Desconocido,58
228,2013,south africa,M,Unknown,N,Desconocido,30
229,2013,jamaica,M,Unknown,N,Tiger,29
230,2013,australia,M,Unknown,N,Desconocido,28
231,2013,new zealand,M,Unknown,N,white,46
232,2013,usa,M,Unknown,N,Desconocido,16
233,2013,french polynesia,M,Unknown,N,Lemon,48
234,2013,usa,M,Unknown,N,Tiger,43
235,2012,australia,M,Unknown,N,Desconocido,23
236,2012,australia,M,Unknown,N,Bull,29
237,2012,australia,M,Unknown,N,Tiger,32
238,2012,usa,M,Unknown,N,Desconocido,60
239,2012,australia,M,Unknown,N,Tiger,31
240,2012,usa,M,Unknown,N,Tiger,61
241,2012,mexico,M,Unknown,N,Desconocido,32
242,2012,usa,M,Unknown,N,Desconocido,14
243,2012,usa,M,Unknown,N,Tiger,30
244,2012,usa,M,Unknown,N,Tiger,43
245,2012,usa,M,Unknown,N,white,25
246,2012,usa,F,Unknown,N,Tiger,51
247,2012,usa,M,Unknown,N,white,39
248,2012,usa,M,Unknown,N,Desconocido,55
249,2012,australia,M,Unknown,N,Desconocido,11
250,2012,usa,M,Unknown,N,Desconocido,21
251,2012,usa,M,Unknown,N,Desconocido,22
252,2012,usa,F,Unknown,N,Desconocido,25
253,2012,usa,F,Unknown,N,Desconocido,56
254,2012,usa,M,Unknown,N,Lemon,56
255,2012,australia,M,Unknown,N,white,48
256,2012,usa,M,Unknown,N,white,50
257,2012,australia,M,Unknown,N,white,24
258,2012,usa,M,Unknown,N,Desconocido,52
259,2012,south africa,M,Unknown,N,Desconocido,29
260,2012,usa,M,Unknown,N,Bull,25
261,2012,usa,F,Unknown,N,Desconocido,16
262,2012,australia,M,Unknown,N,Desconocido,62
263,2012,usa,M,Unknown,N,Desconocido,23
264,2012,usa,F,Unknown,N,Desconocido,18
265,2012,usa,M,Unknown,N,Desconocido,16
266,2012,australia,M,Unknown,N,Desconocido,42
267,2012,italy,M,Unknown,N,Desconocido,57
268,2012,australia,M,Unknown,N,white,30
269,2012,usa,F,Unknown,N,Desconocido,33
270,2012,mexico,M,Unknown,N,Bull,46
271,2012,usa,M,Unknown,N,Desconocido,22
272,2012,usa,M,Unknown,N,white,30
273,2012,usa,F,Unknown,N,white,15
274,2012,usa,M,Unknown,N,Desconocido,28
275,2012,south africa,M,Unknown,N,white,20
276,2012,usa,M,Unknown,N,Tiger,28
277,2012,australia,M,Unknown,N,white,33
278,2012,australia,M,Unknown,N,Bull,20
279,2012,usa,M,Unknown,N,Bull,61
280,2012,usa,F,Unknown,N,Desconocido,15
281,2012,usa,M,Unknown,N,Desconocido,17
282,2012,australia,F,Unknown,N,Desconocido,34
283,2012,usa,M,Unknown,N,Desconocido,19
284,2012,australia,M,Unknown,N,Tiger,26
285,2012,australia,M,Unknown,N,white,44
286,2012,south africa,M,Unknown,N,Bull,25
287,2012,australia,M,Unknown,N,Desconocido,28
288,2012,australia,M,Unknown,N,Tiger,34
289,2011,australia,M,Unknown,N,white,51
290,2011,australia,M,Unknown,N,Desconocido,10
291,2011,australia,M,Unknown,N,white,32
292,2011,australia,M,Unknown,N,Desconocido,50
293,2011,usa,M,Unknown,N,Desconocido,27
294,2011,south africa,M,Unknown,N,white,43
295,2011,usa,M,Unknown,N,Bull,21
296,2011,usa,M,Unknown,N,Desconocido,25
297,2011,papua new guinea,M,Unknown,N,Tiger,30
298,2011,australia,M,Unknown,N,white,21
299,2011,usa,M,Unknown,N,Desconocido,19
300,2011,usa,M,Unknown,N,Desconocido,19
301,2011,australia,M,Unknown,N,Desconocido,48
302,2011,south africa,M,Unknown,N,white,49
303,2011,usa,F,Unknown,N,Tiger,20
304,2011,russia,M,Unknown,N,Desconocido,25
305,2011,french polynesia,M,Unknown,N,Grey,32
306,2011,seychelles,M,Unknown,N,Bull,30
307,2011,south africa,M,Unknown,N,white,29
308,2011,south africa,M,Unknown,N,Bull,22
309,2011,usa,F,Unknown,N,Bull,10
310,2011,usa,M,Unknown,N,Desconocido,28
311,2011,usa,M,Unknown,N,Desconocido,19
312,2011,south africa,M,Unknown,N,Desconocido,28
313,2011,new caledonia,M,Unknown,N,Tiger,15
314,2011,australia,M,Unknown,N,Desconocido,17
315,2011,usa,M,Unknown,N,Desconocido,49
316,2011,new zealand,M,Unknown,N,Desconocido,41
317,2011,australia,M,Unknown,N,Bull,48
318,2011,australia,F,Unknown,N,Desconocido,24
319,2011,australia,M,Unknown,N,Bull,36
320,2011,new caledonia,M,Unknown,N,Desconocido,21
321,2011,australia,M,Unknown,N,white,49
322,2011,mexico,F,Unknown,N,Desconocido,38
323,2011,bahamas,M,Unknown,N,Desconocido,55
324,2011,australia,F,Unknown,N,Desconocido,25
325,2010,usa,M,Unknown,N,Desconocido,16
326,2010,egypt,F,Unknown,N,white,29
327,2010,egypt,M,Unknown,N,Desconocido,54
328,2010,egypt,M,Unknown,N,Desconocido,46
329,2010,egypt,F,Unknown,N,white,29
330,2010,egypt,F,Unknown,N,white,48
331,2010,australia,F,Unknown,N,white,20
332,2010,usa,M,Unknown,N,Desconocido,30
333,2010,usa,M,Unknown,N,white,19
334,2010,australia,M,Unknown,N,Bull,22
335,2010,usa,M,Unknown,N,white,29
336,2010,australia,M,Unknown,N,Desconocido,15
337,2010,australia,M,Unknown,N,white,31
338,2010,usa,F,Unknown,N,Desconocido,37
339,2010,usa,M,Unknown,N,Desconocido,10
340,2010,usa,F,Unknown,N,Tiger,13
341,2010,spain,M,Unknown,N,Desconocido,25
342,2010,usa,M,Unknown,N,Desconocido,20
343,2010,usa,M,Unknown,N,Desconocido,19
344,2010,usa,M,Unknown,N,Desconocido,48
345,2010,vietnam,M,Unknown,N,Desconocido,17
346,2010,usa,F,Unknown,N,Desconocido,18
347,2010,usa,M,Unknown,N,Lemon,49
348,2010,vietnam,F,Unknown,N,Desconocido,58
349,2010,vietnam,F,Unknown,N,Desconocido,60
350,2010,usa,F,Unknown,N,Desconocido,10
351,2010,usa,M,Unknown,N,Lemon,29
352,2010,usa,M,Unknown,N,Desconocido,29
353,2010,south africa,M,Unknown,N,Desconocido,35
354,2010,egypt,M,Unknown,N,white,24
355,2010,reunion,M,Unknown,N,Desconocido,34
356,2010,australia,F,Unknown,N,Desconocido,60
357,2010,australia,M,Unknown,N,Desconocido,46
358,2010,australia,M,Unknown,N,white,18
359,2010,guam,M,Unknown,N,Desconocido,31
360,2010,new zealand,F,Unknown,N,Desconocido,14
361,2010,south africa,M,Unknown,N,white,37
362,2009,mozambique,M,Unknown,N,Desconocido,27
363,2009,australia,M,Unknown,N,Bull,18
364,2009,usa,M,Unknown,N,Tiger,58
365,2009,usa,M,Unknown,N,Desconocido,49
366,2009,usa,M,Unknown,N,Desconocido,10
367,2009,usa,M,Unknown,N,Desconocido,31
368,2009,usa,M,Unknown,N,Desconocido,18
369,2009,australia,M,Unknown,N,Desconocido,25
370,2009,australia,M,Unknown,N,white,27
371,2009,usa,M,Unknown,N,Desconocido,54
372,2009,scotland,M,Unknown,N,Desconocido,23
373,2009,united kingdom,M,Unknown,N,Desconocido,39
374,2009,usa,M,Unknown,N,Desconocido,60
375,2009,south africa,M,Unknown,N,white,25
376,2009,usa,F,Unknown,N,white,22
377,2009,usa,M,Unknown,N,Bull,56
378,2009,usa,F,Unknown,N,Desconocido,43
379,2009,australia,M,Unknown,N,Desconocido,52
380,2009,usa,M,Unknown,N,Desconocido,14
381,2009,egypt,F,Unknown,N,white,50
382,2009,taiwan,M,Unknown,N,Desconocido,46
383,2009,usa,M,Unknown,N,Desconocido,31
384,2009,usa,M,Unknown,N,Desconocido,49
385,2009,usa,M,Unknown,N,Desconocido,55
386,2009,guam,M,Unknown,N,Desconocido,27
387,2009,usa,M,Unknown,N,Desconocido,31
388,2009,australia,M,Unknown,N,Desconocido,40
389,2009,south africa,M,Unknown,N,Desconocido,24
390,2009,australia,M,Unknown,N,Desconocido,17
391,2009,usa,F,Unknown,N,Desconocido,17
392,2009,usa,M,Unknown,N,Desconocido,61
393,2009,south africa,M,Unknown,N,Desconocido,40
394,2009,australia,M,Unknown,N,Desconocido,15
395,2009,australia,M,Unknown,N,white,33
396,2009,australia,M,Unknown,N,Bull,31
397,2009,australia,M,Unknown,N,white,41
398,2009,cuba,M,Unknown,N,Bull,15
399,2009,south africa,M,Unknown,N,Tiger,25
400,2009,australia,M,Unknown,N,Desconocido,24
401,2009,australia,F,Unknown,N,white,13
402,2009,australia,M,Unknown,N,white,31
403,2009,new zealand,M,Unknown,N,Desconocido,49
404,2008,australia,M,Unknown,N,white,29
405,2008,australia,M,Unknown,N,white,51
406,2008,south africa,M,Unknown,N,Desconocido,15
407,2008,australia,M,Unknown,N,Grey,34
408,2008,croatia,M,Unknown,N,white,43
409,2008,usa,M,Unknown,N,Desconocido,40
410,2008,australia,M,Unknown,N,Desconocido,43
411,2008,usa,M,Unknown,N,Tiger,40
412,2008,australia,M,Unknown,N,Desconocido,51
413,2008,usa,M,Unknown,N,Desconocido,52
414,2008,usa,M,Unknown,N,Desconocido,27
415,2008,usa,M,Unknown,N,Desconocido,26
416,2008,usa,F,Unknown,N,Desconocido,20
417,2008,usa,F,Unknown,N,Bull,38
418,2008,australia,M,Unknown,N,white,31
419,2008,usa,F,Unknown,N,Desconocido,25
420,2008,usa,M,Unknown,N,Desconocido,16
421,2008,usa,M,Unknown,N,Desconocido,53
422,2008,south africa,M,Unknown,N,white,46
423,2008,usa,M,Unknown,N,Desconocido,37
424,2008,usa,F,Unknown,N,white,40
425,2008,usa,F,Unknown,N,Desconocido,15
426,2008,brazil,M,Unknown,N,Bull,14
427,2008,mexico,M,Unknown,N,Desconocido,49
428,2008,australia,M,Unknown,N,white,37
429,2008,new caledonia,M,Unknown,N,Bull,40
430,2008,mexico,M,Unknown,N,Tiger,24
431,2008,usa,M,Unknown,N,Desconocido,18
432,2008,new caledonia,M,Unknown,N,Bull,32
433,2008,usa,M,Unknown,N,white,29
434,2008,mexico,M,Unknown,N,Desconocido,32
435,2008,australia,M,Unknown,N,Desconocido,19
436,2008,usa,M,Unknown,N,Desconocido,30
437,2008,australia,M,Unknown,N,Bull,16
438,2008,usa,M,Unknown,N,Desconocido,52
439,2008,usa,M,Unknown,N,Desconocido,13
440,2008,usa,M,Unknown,N,Desconocido,25
441,2008,usa,M,Unknown,N,white,27
442,2008,bahamas,M,Unknown,N,Bull,49
443,2008,australia,M,Unknown,N,Desconocido,20
444,2007,australia,M,Unknown,N,Desconocido,31
445,2007,australia,M,Unknown,N,Desconocido,34
446,2007,usa,M,Unknown,N,Tiger,52
447,2007,south africa,M,Unknown,N,Desconocido,14
448,2007,usa,M,Unknown,N,Desconocido,21
449,2007,usa,M,Unknown,N,Desconocido,42
450,2007,south africa,M,Unknown,N,white,37
451,2007,usa,M,Unknown,N,Tiger,32
452,2007,australia,F,Unknown,N,white,52
453,2007,australia,M,Unknown,N,Desconocido,31
454,2007,usa,M,Unknown,N,Desconocido,22
455,2007,usa,M,Unknown,N,Desconocido,16
456,2007,new caledonia,F,Unknown,N,Tiger,23
457,2007,bahamas,F,Unknown,N,Desconocido,48
458,2007,egypt,F,Unknown,N,white,18
459,2007,usa,M,Unknown,N,Desconocido,23
460,2007,usa,F,Unknown,N,Desconocido,25
461,2007,usa,M,Unknown,N,Desconocido,14
462,2007,usa,F,Unknown,N,Desconocido,12
463,2007,usa,M,Unknown,N,Desconocido,58
464,2007,usa,M,Unknown,N,Tiger,15
465,2007,usa,M,Unknown,N,white,24
466,2007,usa,M,Unknown,N,Desconocido,54
467,2007,usa,M,Unknown,N,Desconocido,27
468,2007,usa,M,Unknown,N,Desconocido,16
469,2007,usa,M,Unknown,N,Bull,20
470,2007,usa,F,Unknown,N,Desconocido,15
471,2007,usa,F,Unknown,N,Bull,19
472,2007,usa,M,Unknown,N,Desconocido,36
473,2007,australia,M,Unknown,N,Desconocido,15
474,2007,usa,M,Unknown,N,Desconocido,14
475,2007,usa,F,Unknown,N,Desconocido,43
476,2007,usa,F,Unknown,N,Desconocido,30
477,2007,bahamas,F,Unknown,N,Bull,48
478,2007,usa,M,Unknown,N,Desconocido,20
479,2007,usa,F,Unknown,N,Desconocido,25
480,2007,usa,F,Unknown,N,Desconocido,40
481,2007,england,M,Unknown,N,Desconocido,38
482,2007,australia,F,Unknown,N,Desconocido,38
483,2007,australia,M,Unknown,N,Desconocido,19
484,2007,usa,F,Unknown,N,Desconocido,21
485,2007,australia,M,Unknown,N,Desconocido,45
486,2007,usa,F,Unknown,N,Tiger,63
487,2007,usa,M,Unknown,N,Desconocido,29
488,2007,australia,F,Unknown,N,Desconocido,13
489,2007,usa,M,Unknown,N,Desconocido,12
490,2007,usa,M,Unknown,N,Desconocido,24
491,2007,new caledonia,M,Unknown,N,Tiger,26
493,2007,usa,M,Unknown,N,Desconocido,11
494,2007,australia,F,Unknown,N,Desconocido,42
495,2007,australia,F,Unknown,N,Desconocido,59
496,2007,new caledonia,M,Unknown,N,Tiger,30
497,2007,australia,M,Unknown,N,white,41
498,2007,south africa,M,Unknown,N,Tiger,24
499,2007,usa,M,Unknown,N,Desconocido,54
500,2007,usa,M,Unknown,N,Tiger,24
501,2006,australia,M,Unknown,N,Desconocido,25
502,2006,new zealand,M,Unknown,N,Desconocido,10
503,2006,usa,M,Unknown,N,white,43
504,2006,south africa,M,Unknown,N,Desconocido,25
505,2006,australia,M,Unknown,N,white,15
506,2006,usa,M,Unknown,N,Desconocido,29
507,2006,usa,M,Unknown,N,white,22
508,2006,usa,M,Unknown,N,Desconocido,18
509,2006,usa,M,Unknown,N,Desconocido,55
510,2006,australia,M,Unknown,N,Desconocido,44
511,2006,usa,M,Unknown,N,Desconocido,33
512,2006,south africa,M,Unknown,N,white,24
513,2006,usa,M,Unknown,N,white,41
514,2006,south africa,M,Unknown,N,white,19
515,2006,usa,M,Unknown,N,Desconocido,14
516,2006,usa,M,Unknown,N,Desconocido,49
517,2006,usa,F,Unknown,N,Bull,14
518,2006,usa,F,Unknown,N,Desconocido,22
519,2006,usa,M,Unknown,N,Desconocido,24
520,2006,usa,F,Unknown,N,Desconocido,25
521,2006,australia,M,Unknown,N,white,40
522,2006,usa,M,Unknown,N,Tiger,26
523,2006,usa,M,Unknown,N,Grey,15
524,2006,usa,F,Unknown,N,Tiger,30
525,2006,australia,M,Unknown,N,Desconocido,46
526,2006,usa,M,Unknown,N,Bull,35
527,2006,australia,M,Unknown,N,Desconocido,15
528,2006,south africa,M,Unknown,N,Desconocido,15
529,2006,brazil,M,Unknown,N,Tiger,35
530,2006,usa,F,Unknown,N,Tiger,28
531,2006,fiji,M,Unknown,N,Tiger,21
532,2006,australia,M,Unknown,N,Desconocido,15
533,2006,usa,F,Unknown,N,Desconocido,15
534,2006,usa,M,Unknown,N,Desconocido,45
535,2006,south africa,M,Unknown,N,Desconocido,15
536,2006,tonga,F,Unknown,N,Tiger,24
537,2006,usa,M,Unknown,N,Desconocido,57
538,2006,australia,M,Unknown,N,white,52
539,2006,australia,F,Unknown,N,Bull,21
540,2006,usa,M,Unknown,N,Desconocido,21
541,2005,usa,M,Unknown,N,white,30
542,2005,usa,M,Unknown,N,Tiger,29
543,2005,australia,M,Unknown,N,white,44
544,2005,usa,M,Unknown,N,Desconocido,23
545,2005,australia,M,Unknown,N,Desconocido,18
546,2005,usa,M,Unknown,N,Desconocido,30
547,2005,south africa,M,Unknown,N,Desconocido,32
548,2005,usa,M,Unknown,N,Desconocido,18
549,2005,usa,M,Unknown,N,white,26
550,2005,st. maartin,M,Unknown,N,Desconocido,55
551,2005,south africa,M,Unknown,N,Desconocido,20
552,2005,usa,M,Unknown,N,white,36
553,2005,usa,F,Unknown,N,white,20
554,2005,usa,M,Unknown,N,Tiger,22
555,2005,grand cayman,F,Unknown,N,Desconocido,57
556,2005,south africa,M,Unknown,N,white,52
557,2005,australia,M,Unknown,N,white,26
558,2005,australia,M,Unknown,N,Desconocido,44
559,2005,usa,F,Unknown,N,Desconocido,29
560,2005,usa,F,Unknown,N,Bull,18
561,2005,australia,M,Unknown,N,white,40
562,2005,australia,M,Unknown,N,white,23
563,2005,usa,M,Unknown,N,white,37
564,2005,usa,M,Unknown,N,Desconocido,17
565,2005,usa,M,Unknown,N,Desconocido,25
566,2005,usa,M,Unknown,N,Desconocido,16
567,2005,usa,M,Unknown,N,Desconocido,25
568,2005,usa,M,Unknown,N,Desconocido,22
569,2005,usa,F,Unknown,N,Desconocido,14
570,2005,usa,M,Unknown,N,Bull,16
571,2005,usa,F,Unknown,N,Bull,14
572,2005,vanuatu,F,Unknown,N,Desconocido,25
573,2005,usa,M,Unknown,N,Desconocido,49
574,2005,usa,M,Unknown,N,Desconocido,20
575,2005,usa,M,Unknown,N,white,17
576,2005,south africa,M,Unknown,N,white,22
577,2005,usa,M,Unknown,N,Desconocido,33
578,2005,south africa,M,Unknown,N,Desconocido,32
579,2005,usa,M,Unknown,N,Tiger,47
580,2005,australia,M,Unknown,N,Desconocido,25
581,2005,australia,M,Unknown,N,Desconocido,40
582,2005,south africa,M,Unknown,N,Desconocido,32
583,2005,australia,M,Unknown,N,white,26
584,2005,usa,M,Unknown,N,Tiger,45
585,2005,new zealand,M,Unknown,N,white,39
586,2004,australia,M,Unknown,N,white,18
587,2004,australia,M,Unknown,N,Bull,38
588,2004,south africa,M,Unknown,N,Desconocido,20
589,2004,south africa,F,Unknown,N,white,29
590,2004,usa,lli,Unknown,N,white,38
591,2004,cuba,M,Unknown,N,Bull,40
592,2004,south africa,M,Unknown,N,white,52
593,2004,australia,M,Unknown,N,Desconocido,59
594,2004,usa,M,Unknown,N,Tiger,34
595,2004,south africa,M,Unknown,N,Desconocido,34
596,2004,reunion,M,Unknown,N,Tiger,15
597,2004,usa,M,Unknown,N,white,26
598,2004,usa,F,Unknown,N,Desconocido,17
599,2004,brazil,M,Unknown,N,Tiger,24
600,2004,usa,M,Unknown,N,white,50
601,2004,usa,M,Unknown,N,Desconocido,47
602,2004,usa,F,Unknown,N,Desconocido,13
603,2004,usa,F,Unknown,N,Desconocido,19
604,2004,usa,M,Unknown,N,Bull,11
605,2004,australia,M,Unknown,N,Desconocido,30
606,2004,usa,M,Unknown,N,Desconocido,25
607,2004,usa,M,Unknown,N,white,45
608,2004,australia,M,Unknown,N,Desconocido,17
609,2004,usa,M,Unknown,N,Desconocido,25
610,2004,south africa,M,Unknown,N,white,21
611,2004,usa,M,Unknown,N,Desconocido,16
612,2004,brazil,M,Unknown,N,Bull,17
613,2004,usa,M,Unknown,N,Desconocido,44
614,2004,bahamas,M,Unknown,N,Desconocido,63
615,2004,usa,M,Unknown,N,Desconocido,28
616,2004,usa,M,Unknown,N,Tiger,57
617,2004,south africa,M,Unknown,N,white,16
618,2004,usa,M,Unknown,N,Bull,20
619,2004,brazil,M,Unknown,N,Bull,22
620,2004,reunion,M,Unknown,N,Desconocido,20
621,2004,usa,M,Unknown,N,Tiger,51
622,2004,new zealand,M,Unknown,N,Desconocido,15
623,2004,australia,M,Unknown,N,Desconocido,31
624,2004,australia,M,Unknown,N,white,46
625,2004,venezuela,M,Unknown,N,Bull,40
626,2003,south africa,M,Unknown,N,Tiger,21
627,2003,usa,F,Unknown,N,Desconocido,35
628,2003,usa,M,Unknown,N,Desconocido,18
629,2003,australia,M,Unknown,N,Grey,22
630,2003,usa,F,Unknown,N,Tiger,13
631,2003,usa,M,Unknown,N,Desconocido,56
632,2003,usa,M,Unknown,N,Desconocido,19
633,2003,usa,F,Unknown,N,Grey,41
634,2003,usa,M,Unknown,N,Desconocido,30
635,2003,usa,F,Unknown,N,Desconocido,10
636,2003,usa,M,Unknown,N,Desconocido,18
637,2003,usa,M,Unknown,N,Desconocido,15
638,2003,south africa,M,Unknown,N,white,19
639,2003,usa,F,Unknown,N,white,50
640,2003,usa,M,Unknown,N,Desconocido,31
641,2003,south africa,M,Unknown,N,white,16
642,2003,bahamas,M,Unknown,N,Desconocido,58
643,2003,usa,M,Unknown,N,Desconocido,10
644,2003,bahamas,M,Unknown,N,Bull,39
645,2003,usa,M,Unknown,N,Desconocido,17
646,2003,usa,M,Unknown,N,Desconocido,15
647,2003,usa,F,Unknown,N,Desconocido,12
648,2003,usa,M,Unknown,N,Desconocido,60
649,2003,usa,M,Unknown,N,Desconocido,33
650,2003,usa,M,Unknown,N,Desconocido,22
651,2003,usa,M,Unknown,N,Grey,20
652,2003,usa,M,Unknown,N,Desconocido,34
653,2003,brazil,M,Unknown,N,Bull,17
654,2003,usa,M,Unknown,N,Desconocido,36
656,2003,usa,M,Unknown,N,Desconocido,30
657,2003,usa,M,Unknown,N,Desconocido,23
658,2003,usa,M,Unknown,N,Desconocido,18
659,2003,usa,M,Unknown,N,Desconocido,11
660,2003,usa,M,Unknown,N,Desconocido,12
661,2003,usa,M,Unknown,N,Desconocido,20
662,2003,venezuela,M,Unknown,N,Desconocido,28
663,2003,usa,M,Unknown,N,Desconocido,50
664,2003,new zealand,M,Unknown,N,white,44
665,2003,australia,M,Unknown,N,Desconocido,37
666,2003,usa,M,Unknown,N,Desconocido,54
667,2003,australia,M,Unknown,N,Grey,24
668,2003,australia,M,Unknown,N,Bull,29
669,2003,south africa,M,Unknown,N,Desconocido,14
670,2002,south africa,M,Unknown,N,white,25
671,2002,australia,M,Unknown,N,Bull,23
672,2002,usa,M,Unknown,N,white,48
673,2002,usa,F,Unknown,N,Grey,34
674,2002,turks & caicos,F,Unknown,N,Desconocido,41
675,2002,usa,M,Unknown,N,Desconocido,21
676,2002,usa,M,Unknown,N,Desconocido,16
677,2002,usa,F,Unknown,N,Desconocido,60
678,2002,brazil,M,Unknown,N,Tiger,36
679,2002,usa,M,Unknown,N,Desconocido,14
680,2002,usa,M,Unknown,N,Desconocido,35
681,2002,usa,M,Unknown,N,Desconocido,18
682,2002,usa,M,Unknown,N,Desconocido,47
683,2002,usa,M,Unknown,N,Desconocido,55
684,2002,usa,M,Unknown,N,Desconocido,25
685,2002,tonga,M,Unknown,N,Tiger,25
686,2002,usa,M,Unknown,N,Desconocido,24
687,2002,usa,M,Unknown,N,Desconocido,35
688,2002,brazil,M,Unknown,N,Tiger,19
689,2002,south africa,M,Unknown,N,white,47
690,2002,usa,M,Unknown,N,Desconocido,20
691,2002,usa,M,Unknown,N,Desconocido,36
692,2002,usa,M,Unknown,N,Tiger,16
693,2002,usa,M,Unknown,N,Desconocido,27
694,2002,usa,M,Unknown,N,Desconocido,15
695,2002,usa,M,Unknown,N,Desconocido,14
696,2002,usa,M,Unknown,N,Desconocido,13
697,2002,usa,F,Unknown,N,Bull,15
698,2002,usa,M,Unknown,N,Desconocido,41
699,2002,brazil,M,Unknown,N,Tiger,22
700,2002,usa,F,Unknown,N,Bull,25
701,2002,usa,M,Unknown,N,Desconocido,28
702,2002,usa,M,Unknown,N,Desconocido,50
703,2002,south africa,M,Unknown,N,Desconocido,50
704,2002,usa,M,Unknown,N,white,24
705,2002,usa,M,Unknown,N,Desconocido,16
706,2002,usa,M,Unknown,N,Desconocido,55
707,2002,australia,M,Unknown,N,white,23
708,2002,usa,M,Unknown,N,Desconocido,34
709,2002,bahamas,M,Unknown,N,Bull,43
710,2002,usa,M,Unknown,N,Desconocido,41
711,2002,usa,M,Unknown,N,Desconocido,29
712,2002,usa,M,Unknown,N,Tiger,17
713,2002,usa,F,Unknown,N,Desconocido,11
714,2002,usa,M,Unknown,N,Desconocido,20
715,2002,usa,M,Unknown,N,Desconocido,39
716,2002,usa,M,Unknown,N,Desconocido,31
717,2002,australia,M,Unknown,N,Desconocido,30
718,2002,australia,M,Unknown,N,Desconocido,35
719,2002,australia,M,Unknown,N,Tiger,20
720,2002,south africa,M,Unknown,N,Desconocido,16
721,2002,south africa,M,Unknown,N,Desconocido,26
722,2002,usa,M,Unknown,N,Tiger,35
723,2001,australia,F,Unknown,N,Desconocido,20
724,2001,mexico,M,Unknown,N,Tiger,26
725,2001,usa,M,Unknown,N,Desconocido,21
726,2001,usa,M,Unknown,N,Desconocido,42
727,2001,usa,M,Unknown,N,Desconocido,25
728,2001,usa,M,Unknown,N,white,28
729,2001,usa,F,Unknown,N,white,23
730,2001,usa,M,Unknown,N,Desconocido,20
731,2001,usa,M,Unknown,N,Bull,10
732,2001,bahamas,M,Unknown,N,Bull,44
733,2001,usa,M,Unknown,N,Desconocido,17
734,2001,usa,M,Unknown,N,Desconocido,20
735,2001,usa,M,Unknown,N,Desconocido,19
736,2001,usa,M,Unknown,N,Desconocido,19
737,2001,bahamas,M,Unknown,N,Bull,43
738,2001,usa,M,Unknown,N,Desconocido,18
739,2001,usa,M,Unknown,N,Bull,25
740,2001,usa,M,Unknown,N,white,52
741,2001,usa,F,Unknown,N,Desconocido,29
742,2001,usa,M,Unknown,N,Desconocido,45
743,2001,usa,M,Unknown,N,Desconocido,12
744,2001,usa,M,Unknown,N,Desconocido,21
746,2001,usa,M,Unknown,N,Desconocido,22
747,2001,usa,M,Unknown,N,Desconocido,19
748,2001,south africa,M,Unknown,N,white,46
749,2001,usa,M,Unknown,N,Desconocido,26
750,2001,australia,M,Unknown,N,Desconocido,40
751,2001,australia,M,Unknown,N,Desconocido,40
752,2000,fiji,M,Unknown,N,Desconocido,47
753,2000,australia,M,Unknown,N,Desconocido,38
754,2000,usa,M,Unknown,N,Desconocido,29
755,2000,australia,M,Unknown,N,white,52
756,2000,australia,M,Unknown,N,white,49
757,2000,usa,M,Unknown,N,white,27
758,2000,usa,F,Unknown,N,Tiger,56
759,2000,usa,M,Unknown,N,Desconocido,17
760,2000,usa,M,Unknown,N,Desconocido,23
761,2000,australia,M,Unknown,N,white,17
762,2000,australia,M,Unknown,N,white,25
763,2000,okinawa,M,Unknown,N,white,31
764,2000,usa,M,Unknown,N,Desconocido,25
765,2000,south africa,M,Unknown,N,white,48
766,2000,usa,M,Unknown,N,Desconocido,40
767,2000,reunion,M,Unknown,N,Tiger,27
768,2000,usa,M,Unknown,N,Desconocido,47
769,2000,usa,M,Unknown,N,Bull,29
770,2000,usa,M,Unknown,N,Tiger,53
771,2000,usa,M,Unknown,N,Desconocido,27
772,2000,usa,F,Unknown,N,Desconocido,44
773,2000,usa,F,Unknown,N,Tiger,12
774,2000,usa,F,Unknown,N,Desconocido,55
775,2000,usa,F,Unknown,N,Desconocido,13
776,2000,usa,F,Unknown,N,Desconocido,19
777,2000,usa,M,Unknown,N,Desconocido,17
778,2000,usa,M,Unknown,N,Bull,55
779,2000,usa,M,Unknown,N,Bull,44
780,2000,australia,M,Unknown,N,Desconocido,26
781,2000,usa,F,Unknown,N,Desconocido,14
782,2000,usa,M,Unknown,N,Desconocido,37
783,2000,new caledonia,M,Unknown,N,Tiger,35
784,2000,usa,M,Unknown,N,Desconocido,39
785,1999,brazil,M,Unknown,N,Desconocido,39
786,1999,usa,F,Unknown,N,Tiger,51
787,1999,brazil,M,Unknown,N,Desconocido,39
788,1999,usa,M,Unknown,N,Tiger,16
789,1999,usa,M,Unknown,N,white,37
790,1999,usa,M,Unknown,N,Desconocido,28
791,1999,marshall islands,M,Unknown,N,Desconocido,23
792,1999,usa,M,Unknown,N,Desconocido,10
793,1999,usa,M,Unknown,N,Desconocido,62
794,1999,bahamas,M,Unknown,N,Bull,35
795,1999,south africa,M,Unknown,N,white,42
796,1999,usa,M,Unknown,N,Bull,43
797,1999,usa,M,Unknown,N,Tiger,43
798,1999,south africa,M,Unknown,N,white,14
799,1999,usa,F,Unknown,N,Desconocido,30
800,1999,south africa,M,Unknown,N,white,29
801,1999,usa,M,Unknown,N,Desconocido,21
802,1999,usa,M,Unknown,N,Desconocido,25
803,1999,australia,M,Unknown,N,white,22
804,1999,brazil,M,Unknown,N,Tiger,21
805,1999,mauritius,F,Unknown,N,Grey,41
806,1999,reunion,M,Unknown,N,Bull,52
807,1999,usa,F,Unknown,N,Desconocido,29
808,1999,australia,M,Unknown,N,Tiger,35
809,1999,usa,M,Unknown,N,Desconocido,25
810,1999,south africa,M,Unknown,N,white,30
811,1998,south africa,M,Unknown,N,white,18
812,1998,usa,M,Unknown,N,Tiger,25
813,1998,usa,M,Unknown,N,Desconocido,14
814,1998,usa,M,Unknown,N,Desconocido,13
815,1998,brazil,M,Unknown,N,white,22
816,1998,usa,M,Unknown,N,Desconocido,26
817,1998,usa,M,Unknown,N,white,16
818,1998,bahamas,M,Unknown,N,Desconocido,28
819,1998,south africa,M,Unknown,N,white,24
820,1998,south africa,M,Unknown,N,Desconocido,16
821,1998,australia,M,Unknown,N,white,26
822,1998,south africa,M,Unknown,N,white,20
823,1998,south africa,M,Unknown,N,white,15
824,1998,south africa,M,Unknown,N,Desconocido,16
825,1998,usa,M,Unknown,N,Lemon,40
826,1998,usa,F,Unknown,N,Desconocido,14
827,1998,south africa,M,Unknown,N,white,22
828,1998,mozambique,F,Unknown,N,Desconocido,35
829,1998,usa,M,Unknown,N,white,50
830,1998,south africa,M,Unknown,N,white,33
831,1998,usa,M,Unknown,N,Desconocido,32
832,1998,australia,M,Unknown,N,Desconocido,31
833,1998,mozambique,M,Unknown,N,Desconocido,23
834,1997,south africa,M,Unknown,N,white,39
835,1997,australia,M,Unknown,N,white,42
836,1997,usa,M,Unknown,N,Tiger,19
837,1997,usa,M,Unknown,N,Desconocido,23
838,1997,usa,M,Unknown,N,Desconocido,12
839,1997,usa,M,Unknown,N,white,29
840,1997,usa,M,Unknown,N,Desconocido,17
841,1997,usa,M,Unknown,N,Desconocido,19
842,1997,south africa,M,Unknown,N,white,25
843,1997,usa,M,Unknown,N,Desconocido,50
844,1997,fiji,F,Unknown,N,Tiger,47
845,1997,usa,M,Unknown,N,Desconocido,18
846,1997,usa,M,Unknown,N,Desconocido,33
847,1997,usa,M,Unknown,N,Desconocido,35
848,1997,usa,M,Unknown,N,Desconocido,34
849,1997,usa,M,Unknown,N,Desconocido,12
850,1997,australia,M,Unknown,N,Tiger,30
851,1997,australia,M,Unknown,N,Desconocido,27
852,1997,australia,M,Unknown,N,Tiger,41
853,1996,usa,M,Unknown,N,white,45
854,1996,usa,M,Unknown,N,white,22
855,1996,usa,M,Unknown,N,Desconocido,21
856,1996,usa,M,Unknown,N,white,31
857,1996,new zealand,M,Unknown,N,white,23
858,1996,usa,M,Unknown,N,Desconocido,19
859,1996,usa,F,Unknown,N,Desconocido,28
860,1996,south africa,M,Unknown,N,white,29
861,1996,usa,M,Unknown,N,Tiger,19
862,1996,usa,M,Unknown,N,white,36
863,1996,usa,M,Unknown,N,Desconocido,21
864,1996,usa,F,Unknown,N,Desconocido,63
865,1996,south africa,M,Unknown,N,white,17
866,1996,usa,M,Unknown,N,Desconocido,22
867,1996,usa,M,Unknown,N,Desconocido,27
868,1996,australia,F,Unknown,N,Tiger,47
869,1996,australia,M,Unknown,N,Desconocido,24
870,1996,australia,M,Unknown,N,Desconocido,25
871,1996,usa,M,Unknown,N,Tiger,53
872,1996,reunion,M,Unknown,N,Tiger,25
873,1995,australia,F,Unknown,N,Desconocido,15
874,1995,usa,M,Unknown,N,Desconocido,39
875,1995,usa,M,Unknown,N,Desconocido,14
876,1995,usa,M,Unknown,N,white,25
877,1995,australia,M,Unknown,N,white,29
878,1995,usa,M,Unknown,N,white,32
879,1995,usa,M,Unknown,N,Desconocido,16
880,1995,usa,M,Unknown,N,Desconocido,18
881,1995,usa,M,Unknown,N,Desconocido,16
882,1995,usa,M,Unknown,N,Desconocido,23
883,1995,usa,M,Unknown,N,Desconocido,19
884,1995,tonga,M,Unknown,N,Desconocido,18
885,1995,usa,M,Unknown,N,Desconocido,20
886,1995,usa,M,Unknown,N,Desconocido,12
887,1995,usa,M,Unknown,N,white,31
888,1995,usa,M,Unknown,N,Desconocido,45
889,1995,usa,F,Unknown,N,Desconocido,10
890,1995,usa,M,Unknown,N,Tiger,38
891,1995,hong kong,M,Unknown,N,Desconocido,29
892,1995,japan,M,Unknown,N,white,47
893,1995,australia,M,Unknown,N,Desconocido,35
894,1995,south africa,M,Unknown,N,Desconocido,22
895,1995,south africa,M,Unknown,N,Tiger,14
896,1994,south africa,M,Unknown,N,white,26
897,1994,usa,M,Unknown,N,white,42
898,1994,usa,F,Unknown,N,Desconocido,34
899,1994,usa,F,Unknown,N,Desconocido,25
900,1994,usa,M,Unknown,N,white,43
901,1994,usa,F,Unknown,N,Desconocido,12
902,1994,reunion,M,Unknown,N,Bull,24
903,1994,south africa,M,Unknown,N,white,22
904,1994,south africa,M,Unknown,N,white,31
905,1994,usa,M,Unknown,N,Desconocido,15
906,1994,bahamas,M,Unknown,N,Desconocido,30
907,1994,usa,M,Unknown,N,Desconocido,28
908,1994,usa,M,Unknown,N,Desconocido,22
909,1994,usa,M,Unknown,N,Desconocido,23
910,1994,south africa,M,Unknown,N,white,15
911,1994,south africa,M,Unknown,N,Desconocido,33
912,1993,australia,M,Unknown,N,Tiger,27
913,1993,usa,M,Unknown,N,white,26
914,1993,usa,F,Unknown,N,Bull,26
915,1993,usa,F,Unknown,N,white,34
916,1993,south africa,M,Unknown,N,white,36
917,1993,spain,M,Unknown,N,Desconocido,29
918,1993,bahamas,M,Unknown,N,Desconocido,51
919,1993,usa,F,Unknown,N,Bull,19
920,1993,usa,M,Unknown,N,white,39
921,1993,south africa,M,Unknown,N,white,28
922,1993,usa,F,Unknown,N,Desconocido,12
923,1993,usa,M,Unknown,N,Tiger,22
924,1993,australia,M,Unknown,N,white,31
925,1993,australia,F,Unknown,N,white,34
926,1993,usa,F,Unknown,N,Desconocido,60
927,1993,usa,M,Unknown,N,Tiger,35
928,1993,usa,M,Unknown,N,white,55
929,1993,australia,M,Unknown,N,Desconocido,29
930,1993,australia,M,Unknown,N,Desconocido,21
931,1993,usa,M,Unknown,N,white,29
932,1992,usa,M,Unknown,N,Tiger,10
933,1992,usa,M,Unknown,N,Tiger,30
934,1992,usa,M,Unknown,N,Desconocido,31
935,1992,usa,M,Unknown,N,Desconocido,19
936,1992,usa,M,Unknown,N,white,46
937,1992,usa,M,Unknown,N,Desconocido,40
938,1992,usa,M,Unknown,N,Tiger,18
939,1992,usa,M,Unknown,N,white,40
940,1992,usa,M,Unknown,N,Tiger,28
941,1992,australia,M,Unknown,N,white,28
942,1992,usa,M,Unknown,N,white,20
943,1992,australia,M,Unknown,N,white,17
944,1992,usa,M,Unknown,N,white,22
945,1992,usa,F,Unknown,N,Desconocido,42
946,1992,reunion,M,Unknown,N,Lemon,16
947,1992,south africa,M,Unknown,N,Desconocido,35
948,1992,usa,F,Unknown,N,Tiger,36
949,1992,japan,M,Unknown,N,white,41
950,1992,usa,M,Unknown,N,white,21
951,1992,australia,M,Unknown,N,Desconocido,19
952,1992,australia,M,Unknown,N,Desconocido,19
953,1992,south africa,M,Unknown,N,Desconocido,19
954,1992,south africa,M,Unknown,N,Desconocido,36
955,1991,usa,M,Unknown,N,white,25
956,1991,usa,F,Unknown,N,Tiger,41
957,1991,usa,M,Unknown,N,Desconocido,21
958,1991,usa,M,Unknown,N,white,32
959,1991,australia,M,Unknown,N,white,19
960,1991,australia,M,Unknown,N,Desconocido,36
961,1991,usa,M,Unknown,N,Desconocido,23
962,1991,usa,F,Unknown,N,Desconocido,10
963,1991,italy,F,Unknown,N,white,40
964,1991,reunion,M,Unknown,N,Tiger,30
965,1991,usa,M,Unknown,N,white,32
966,1991,usa,M,Unknown,N,Lemon,31
967,1991,hong kong,F,Unknown,N,Tiger,29
968,1991,usa,M,Unknown,N,Desconocido,23
969,1991,usa,M,Unknown,N,Desconocido,22
970,1991,usa,M,Unknown,N,white,38
971,1991,south africa,M,Unknown,N,white,20
972,1990,usa,M,Unknown,N,Desconocido,24
973,1990,usa,M,Unknown,N,Desconocido,50
974,1990,usa,M,Unknown,N,Desconocido,25
975,1990,usa,M,Unknown,N,Tiger,43
976,1990,usa,M,Unknown,N,Desconocido,19
977,1990,south africa,M,Unknown,N,white,26
978,1990,usa,M,Unknown,N,white,49
979,1990,usa,M,Unknown,N,white,44
980,1990,usa,M,Unknown,N,white,22
981,1990,south africa,F,Unknown,N,white,21
982,1990,south africa,M,Unknown,N,white,22
983,1990,south africa,M,Unknown,N,white,23
984,1990,australia,M,Unknown,N,Tiger,31
985,1989,south africa,M,Unknown,N,white,29
986,1989,australia,M,Unknown,N,white,17
987,1989,usa,M,Unknown,N,Desconocido,12
988,1989,usa,M,Unknown,N,Desconocido,49
989,1989,south africa,M,Unknown,N,white,29
990,1989,usa,M,Unknown,N,Desconocido,51
991,1989,usa,M,Unknown,N,white,38
992,1989,australia,M,Unknown,N,Grey,30
993,1989,south africa,M,Unknown,N,white,21
994,1989,australia,M,Unknown,N,Desconocido,17
995,1989,south africa,M,Unknown,N,white,34
996,1989,south africa,M,Unknown,N,white,16
997,1989,south africa,M,Unknown,N,white,28
998,1989,australia,M,Unknown,N,white,27
999,1989,italy,M,Unknown,N,white,47
1000,1989,usa,M,Unknown,N,Desconocido,24
1001,1989,usa,F,Unknown,N,white,24
1002,1989,australia,M,Unknown,N,Tiger,17
1003,1988,usa,M,Unknown,N,white,21
1004,1988,usa,M,Unknown,N,Desconocido,30
1005,1988,usa,M,Unknown,N,Desconocido,23
1006,1988,usa,M,Unknown,N,Desconocido,21
1007,1988,usa,M,Unknown,N,Bull,38
1008,1988,usa,M,Unknown,N,white,27
1009,1988,south africa,M,Unknown,N,white,36
1010,1988,usa,M,Unknown,N,Desconocido,37
1011,1988,usa,M,Unknown,N,Desconocido,25
1012,1988,south africa,M,Unknown,N,Desconocido,17
1013,1988,south africa,M,Unknown,N,Grey,20
1014,1988,south africa,F,Unknown,N,Desconocido,15
1015,1988,south africa,M,Unknown,N,Desconocido,22
1016,1988,south africa,M,Unknown,N,Desconocido,33
1017,1987,usa,M,Unknown,N,Desconocido,16
1018,1987,usa,M,Unknown,N,Desconocido,20
1019,1987,south africa,M,Unknown,N,Desconocido,14
1020,1987,south africa,M,Unknown,N,white,21
1021,1987,south africa,M,Unknown,N,white,24
1022,1987,usa,M,Unknown,N,Desconocido,12
1023,1987,usa,M,Unknown,N,white,40
1024,1987,usa,M,Unknown,N,Desconocido,27
1025,1987,usa,F,Unknown,N,Desconocido,32
1026,1987,usa,F,Unknown,N,Desconocido,16
1027,1987,vanuatu,M,Unknown,N,Desconocido,25
1028,1987,south africa,M,Unknown,N,white,30
1029,1986,south africa,M,Unknown,N,white,21
1030,1986,usa,M,Unknown,N,Desconocido,40
1031,1986,usa,M,Unknown,N,white,27
1032,1986,usa,F,Unknown,N,Lemon,25
1033,1986,south africa,M,Unknown,N,Desconocido,32
1034,1986,south africa,M,Unknown,N,Desconocido,35
1035,1986,south africa,M,Unknown,N,Desconocido,26
1036,1986,south africa,M,Unknown,N,Desconocido,26
1037,1986,south africa,M,Unknown,N,white,21
1038,1986,south africa,M,Unknown,N,Desconocido,46
1039,1986,south africa,M,Unknown,N,Desconocido,29
1040,1986,australia,M,Unknown,N,Desconocido,29
1041,1986,usa,M,Unknown,N,Desconocido,22
1042,1986,usa,M,Unknown,N,Desconocido,16
1043,1985,south africa,M,Unknown,N,white,22
1044,1985,usa,M,Unknown,N,Desconocido,46
1045,1985,usa,M,Unknown,N,Desconocido,17
1046,1985,usa,M,Unknown,N,Desconocido,11
1047,1985,usa,M,Unknown,N,Desconocido,29
1048,1985,usa,F,Unknown,N,Desconocido,13
1049,1985,italy,M,Unknown,N,white,13
1050,1985,australia,F,Unknown,N,white,33
1051,1985,usa,M,Unknown,N,white,29
1052,1985,south africa,M,Unknown,N,Desconocido,15
1053,1985,south africa,M,Unknown,N,white,18
1054,1985,south africa,M,Unknown,N,white,34
1055,1985,south africa,M,Unknown,N,Desconocido,20
1056,1984,australia,M,Unknown,N,Tiger,16
1057,1984,usa,M,Unknown,N,Desconocido,22
1058,1984,usa,F,Unknown,N,Desconocido,23
1059,1984,usa,F,Unknown,N,Desconocido,29
1060,1984,usa,M,Unknown,N,Desconocido,15
1061,1984,usa,M,Unknown,N,white,25
1062,1984,usa,M,Unknown,N,Desconocido,16
1063,1984,usa,M,Unknown,N,white,28
1064,1984,usa,F,Unknown,N,Desconocido,18
1065,1984,south africa,M,Unknown,N,Desconocido,21
1066,1984,south africa,M,Unknown,N,white,27
1067,1984,usa,F,Unknown,N,Desconocido,13
1068,1984,south africa,M,Unknown,N,Desconocido,33
1069,1984,south africa,M,Unknown,N,Desconocido,14
1070,1983,south africa,M,Unknown,N,Desconocido,47
1071,1983,south africa,M,Unknown,N,white,29
1072,1983,usa,F,Unknown,N,Desconocido,14
1073,1983,usa,F,Unknown,N,Bull,22
1074,1983,australia,F,Unknown,N,Tiger,21
1075,1983,australia,M,Unknown,N,Tiger,24
1076,1983,australia,M,Unknown,N,Tiger,28
1077,1983,usa,F,Unknown,N,Desconocido,39
1078,1983,usa,M,Unknown,N,Desconocido,21
1079,1983,south africa,M,Unknown,N,Desconocido,27
1080,1983,south africa,M,Unknown,N,Desconocido,17
1081,1983,south africa,M,Unknown,N,Desconocido,16
1082,1983,south africa,M,Unknown,N,white,32
1083,1982,usa,M,Unknown,N,Desconocido,26
1084,1982,south africa,M,Unknown,N,white,16
1085,1982,usa,M,Unknown,N,Desconocido,20
1086,1982,usa,M,Unknown,N,white,36
1087,1982,usa,M,Unknown,N,white,28
1088,1982,usa,M,Unknown,N,Desconocido,17
1089,1982,south africa,M,Unknown,N,Desconocido,20
1090,1982,south africa,M,Unknown,N,white,38
1091,1982,usa,M,Unknown,N,white,26
1092,1982,usa,M,Unknown,N,Desconocido,17
1093,1982,south africa,M,Unknown,N,white,27
1094,1982,usa,M,Unknown,N,Desconocido,20
1095,1982,south africa,M,Unknown,N,Desconocido,20
1096,1981,usa,M,Unknown,N,white,24
1097,1981,usa,M,Unknown,N,Desconocido,19
1098,1981,usa,M,Unknown,N,Tiger,26
1099,1981,bahamas,M,Unknown,N,Desconocido,53
1100,1981,south africa,M,Unknown,N,Desconocido,32
1101,1981,south korea,F,Unknown,N,white,27
1102,1981,south africa,M,Unknown,N,Desconocido,27
1103,1981,south africa,M,Unknown,N,Desconocido,19
1104,1981,south africa,M,Unknown,N,Tiger,24
1105,1981,usa,M,Unknown,N,Bull,19
1106,1981,usa,M,Unknown,N,Desconocido,24
1107,1981,south africa,M,Unknown,N,Desconocido,30
1108,1981,usa,M,Unknown,N,Desconocido,15
1109,1981,australia,M,Unknown,N,Tiger,27
1110,1980,south africa,M,Unknown,N,Desconocido,25
1111,1980,reunion,M,Unknown,N,white,22
1112,1980,usa,M,Unknown,N,white,29
1113,1980,usa,M,Unknown,N,white,19
1114,1980,usa,F,Unknown,N,Desconocido,22
1115,1980,south africa,M,Unknown,N,Desconocido,22
1116,1980,mexico,F,Unknown,N,Tiger,13
1117,1980,south africa,M,Unknown,N,white,24
1118,1980,south africa,M,Unknown,N,Desconocido,29
1119,1980,south africa,M,Unknown,N,Desconocido,25
1120,1980,south africa,M,Unknown,N,Desconocido,20
1121,1979,usa,M,Unknown,N,white,20
1122,1979,south africa,M,Unknown,N,white,25
1123,1979,usa,M,Unknown,N,Desconocido,27
1124,1979,south africa,M,Unknown,N,Desconocido,19
1125,1978,south africa,M,Unknown,N,white,23
1126,1978,south africa,M,Unknown,N,white,27
1127,1978,south africa,M,Unknown,N,Desconocido,17
1128,1977,south africa,M,Unknown,N,Tiger,18
1129,1977,south africa,M,Unknown,N,white,25
1130,1977,australia,M,Unknown,N,white,17
1131,1977,usa,M,Unknown,N,white,20
1132,1977,usa,M,Unknown,N,Bull,27
1133,1976,usa,M,Unknown,N,white,29
1134,1976,south africa,M,Unknown,N,white,19
1135,1976,usa,M,Unknown,N,Lemon,19
1136,1976,usa,M,Unknown,N,white,25
1137,1976,south africa,M,Unknown,N,white,20
1138,1976,usa,M,Unknown,N,Tiger,15
1139,1976,usa,M,Unknown,N,white,19
1140,1976,usa,M,Unknown,N,Desconocido,17
1141,1975,usa,M,Unknown,N,white,27
1142,1975,south africa,M,Unknown,N,Desconocido,33
1143,1975,south africa,M,Unknown,N,white,19
1144,1975,usa,M,Unknown,N,Desconocido,20
1145,1975,usa,M,Unknown,N,white,44
1146,1975,australia,M,Unknown,N,white,37
1147,1975,usa,M,Unknown,N,white,23
1148,1975,usa,M,Unknown,N,white,34
1149,1975,usa,F,Unknown,N,Desconocido,14
1150,1975,usa,M,Unknown,N,Desconocido,18
1151,1975,south africa,M,Unknown,N,Desconocido,16
1152,1975,australia,M,Unknown,N,white,12
1153,1974,usa,M,Unknown,N,white,17
1154,1974,usa,M,Unknown,N,white,29
1155,1974,israel,F,Unknown,N,Desconocido,20
1156,1974,usa,M,Unknown,N,white,41
1157,1974,usa,M,Unknown,N,white,48
1158,1974,usa,M,Unknown,N,white,24
1159,1974,usa,M,Unknown,N,white,45
1160,1974,south africa,M,Unknown,N,Desconocido,22
1161,1974,south africa,M,Unknown,N,Desconocido,17
1162,1974,south africa,M,Unknown,N,Desconocido,21
1163,1974,south africa,M,Unknown,N,Desconocido,33
1164,1973,bahamas,M,Unknown,N,Bull,11
1165,1973,mexico,M,Unknown,N,white,37
1166,1973,south africa,M,Unknown,N,Desconocido,26
1167,1972,mozambique,M,Unknown,N,Desconocido,25
1168,1972,usa,M,Unknown,N,Desconocido,22
1169,1972,usa,M,Unknown,N,white,32
1170,1972,australia,M,Unknown,N,Desconocido,18
1171,1972,south africa,F,Unknown,N,Desconocido,30
1172,1972,mozambique,M,Unknown,N,white,24
1173,1971,south africa,F,Unknown,N,white,16
1174,1971,usa,M,Unknown,N,Desconocido,18
1175,1971,south africa,M,Unknown,N,Desconocido,25
1176,1971,usa,M,Unknown,N,white,30
1177,1971,croatia,M,Unknown,N,white,34
1178,1971,australia,M,Unknown,N,Grey,26
1179,1971,south africa,M,Unknown,N,white,21
1180,1971,south africa,M,Unknown,N,white,50
1181,1971,new zealand,M,Unknown,N,white,16
1182,1970,micronesia,M,Unknown,N,Desconocido,43
1183,1970,south africa,M,Unknown,N,Desconocido,25
1184,1969,usa,M,Unknown,N,white,53
1185,1969,usa,M,Unknown,N,Desconocido,13
1186,1969,usa,M,Unknown,N,Desconocido,23
1187,1969,usa,M,Unknown,N,white,16
1188,1969,australia,M,Unknown,N,Desconocido,49
1189,1968,australia,M,Unknown,N,Grey,27
1190,1968,new zealand,M,Unknown,N,white,17
1191,1968,new zealand,M,Unknown,N,white,24
1192,1968,columbia,M,Unknown,N,Desconocido,18
1193,1968,usa,M,Unknown,N,white,25
1194,1968,usa,M,Unknown,N,Desconocido,33
1195,1968,usa,M,Unknown,N,Desconocido,63
1196,1968,south africa,M,Unknown,N,Desconocido,35
1197,1968,usa,M,Unknown,N,Desconocido,28
1198,1968,australia,M,Unknown,N,Desconocido,26
1199,1967,south africa,M,Unknown,N,Desconocido,22
1200,1967,usa,M,Unknown,N,Desconocido,19
1201,1967,usa,M,Unknown,N,Desconocido,24
1202,1967,australia,M,Unknown,N,white,23
1203,1967,australia,M,Unknown,N,Desconocido,19
1204,1967,usa,M,Unknown,N,Desconocido,15
1205,1967,bahamas,M,Unknown,N,Desconocido,41
1206,1967,usa,M,Unknown,N,Desconocido,26
1207,1967,south africa,M,Unknown,N,white,32
1208,1967,australia,M,Unknown,N,Grey,36
1209,1967,new zealand,M,Unknown,N,white,21
1210,1966,papua new guinea,F,Unknown,N,Desconocido,13
1211,1966,papua new guinea,F,Unknown,N,Desconocido,25
1212,1966,australia,M,Unknown,N,Desconocido,32
1213,1966,australia,M,Unknown,N,Desconocido,43
1214,1966,new britain,F,Unknown,N,Desconocido,13
1215,1966,new britain,F,Unknown,N,Desconocido,25
1216,1966,usa,M,Unknown,N,Desconocido,26
1217,1966,usa,M,Unknown,N,Desconocido,25
1218,1966,usa,M,Unknown,N,Desconocido,34
1219,1966,usa,M,Unknown,N,Desconocido,46
1220,1966,usa,M,Unknown,N,Desconocido,15
1221,1966,usa,M,Unknown,N,Desconocido,18
1222,1966,usa,M,Unknown,N,Desconocido,18
1223,1966,usa,M,Unknown,N,Desconocido,24
1224,1966,australia,M,Unknown,N,white,13
1225,1966,south africa,M,Unknown,N,Desconocido,33
1226,1966,usa,M,Unknown,N,white,29
1227,1966,south africa,M,Unknown,N,Desconocido,16
1228,1966,south africa,M,Unknown,N,Desconocido,15
1229,1966,usa,M,Unknown,N,Desconocido,35
1230,1966,usa,F,Unknown,N,Desconocido,15
1231,1965,australia,M,Unknown,N,Grey,24
1232,1965,usa,M,Unknown,N,Desconocido,19
1233,1965,usa,M,Unknown,N,white,28
1234,1965,palau,M,Unknown,N,Tiger,25
1235,1965,usa,M,Unknown,N,Desconocido,17
1236,1965,usa,M,Unknown,N,Desconocido,16
1237,1965,south africa,M,Unknown,N,Desconocido,25
1238,1965,usa,M,Unknown,N,Desconocido,18
1239,1965,south africa,M,Unknown,N,white,22
1240,1964,south africa,M,Unknown,N,Desconocido,19
1241,1964,papua new guinea,M,Unknown,N,Desconocido,28
1242,1964,australia,M,Unknown,N,white,25
1243,1964,australia,M,Unknown,N,Grey,19
1244,1964,taiwan,M,Unknown,N,Desconocido,20
1245,1964,mexico,M,Unknown,N,Desconocido,19
1246,1964,usa,M,Unknown,N,Desconocido,18
1247,1964,usa,M,Unknown,N,Desconocido,28
1248,1964,usa,F,Unknown,N,Desconocido,29
1249,1964,south africa,M,Unknown,N,Desconocido,40
1250,1964,fiji,M,Unknown,N,Tiger,35
1251,1964,usa,M,Unknown,N,Desconocido,38
1252,1964,new zealand,M,Unknown,N,white,26
1253,1964,south africa,M,Unknown,N,white,25
1254,1964,new zealand,M,Unknown,N,white,19
1255,1964,australia,M,Unknown,N,Desconocido,23
1256,1964,usa,M,Unknown,N,white,21
1257,1963,south africa,F,Unknown,N,Desconocido,20
1258,1963,south africa,M,Unknown,N,Desconocido,24
1259,1963,south africa,M,Unknown,N,Desconocido,13
1260,1963,south africa,M,Unknown,N,Desconocido,15
1261,1963,australia,M,Unknown,N,white,23
1262,1963,new zealand,M,Unknown,N,Desconocido,20
1263,1963,papua new guinea,F,Unknown,N,Tiger,18
1264,1963,fiji,F,Unknown,N,Tiger,21
1265,1963,palau,M,Unknown,N,Desconocido,35
1266,1963,usa,M,Unknown,N,Desconocido,28
1267,1963,solomon islands,M,Unknown,N,Desconocido,30
1268,1963,australia,M,Unknown,N,Desconocido,18
1269,1963,usa,M,Unknown,N,Desconocido,16
1270,1963,federated states of micronesia,M,Unknown,N,Tiger,26
1271,1963,greece,F,Unknown,N,white,42
1272,1963,papua new guinea,M,Unknown,N,Desconocido,30
1273,1963,usa,M,Unknown,N,Desconocido,25
1274,1963,usa,M,Unknown,N,Desconocido,15
1275,1963,australia,M,Unknown,N,Desconocido,18
1276,1963,fiji,M,Unknown,N,white,28
1277,1963,australia,F,Unknown,N,Bull,32
1278,1963,australia,M,Unknown,N,Desconocido,25
1279,1963,south africa,M,Unknown,N,Desconocido,27
1280,1963,south africa,M,Unknown,N,Desconocido,24
1281,1962,australia,M,Unknown,N,white,16
1282,1962,usa,M,Unknown,N,white,24
1283,1962,mexico,M,Unknown,N,Desconocido,32
1284,1962,british west indies,M,Unknown,N,Desconocido,24
1285,1962,italy,M,Unknown,N,white,28
1286,1962,papua new guinea,M,Unknown,N,Desconocido,49
1287,1962,usa,M,Unknown,N,Desconocido,39
1288,1962,usa,M,Unknown,N,Desconocido,40
1289,1962,usa,M,Unknown,N,Desconocido,24
1290,1962,usa,M,Unknown,N,Desconocido,19
1291,1962,usa,M,Unknown,N,Desconocido,11
1292,1962,usa,M,Unknown,N,Desconocido,55
1293,1962,south africa,M,Unknown,N,Desconocido,13
1294,1962,papua new guinea,M,Unknown,N,Desconocido,10
1295,1962,south africa,M,Unknown,N,white,13
1296,1962,australia,M,Unknown,N,Desconocido,35
1297,1962,new zealand,M,Unknown,N,Desconocido,18
1298,1962,south africa,M,Unknown,N,Desconocido,40
1299,1962,usa,M,Unknown,N,white,29
1300,1962,australia,M,Unknown,N,Desconocido,19
1301,1962,papua new guinea,M,Unknown,N,white,24
1302,1962,new zealand,F,Unknown,N,Desconocido,54
1303,1962,marshall islands,M,Unknown,N,Desconocido,57
1304,1961,australia,F,Unknown,N,Desconocido,18
1305,1961,australia,M,Unknown,N,Desconocido,24
1306,1961,south africa,M,Unknown,N,Desconocido,18
1307,1961,australia,M,Unknown,N,Grey,23
1308,1961,australia,M,Unknown,N,Desconocido,22
1309,1961,australia,M,Unknown,N,Desconocido,17
1310,1961,croatia,M,Unknown,N,white,19
1311,1961,usa,M,Unknown,N,white,16
1312,1961,usa,M,Unknown,N,white,19
1313,1961,usa,M,Unknown,N,Desconocido,38
1314,1961,usa,M,Unknown,N,Desconocido,57
1315,1961,italy,M,Unknown,N,white,21
1316,1961,usa,M,Unknown,N,white,20
1317,1961,usa,M,Unknown,N,Desconocido,52
1318,1961,usa,M,Unknown,N,Desconocido,10
1319,1961,mozambique,M,Unknown,N,Desconocido,37
1320,1961,australia,M,Unknown,N,Desconocido,40
1321,1961,mozambique,M,Unknown,N,Desconocido,38
1323,1961,australia,M,Unknown,N,white,21
1324,1961,north pacific ocean,M,Unknown,N,Grey,33
1325,1961,south africa,M,Unknown,N,Desconocido,27
1326,1961,south africa,M,Unknown,N,Desconocido,14
1327,1961,south africa,M,Unknown,N,white,15
1328,1961,australia,M,Unknown,N,Desconocido,27
1329,1961,south africa,M,Unknown,N,white,13
1330,1960,south africa,M,Unknown,N,white,25
1331,1960,australia,M,Unknown,N,Grey,33
1332,1960,australia,M,Unknown,N,Desconocido,41
1333,1960,usa,M,Unknown,N,Lemon,15
1334,1960,usa,M,Unknown,N,Desconocido,41
1335,1960,usa,M,Unknown,N,Desconocido,39
1336,1960,bermuda,M,Unknown,N,Desconocido,25
1337,1960,usa,F,Unknown,N,white,16
1338,1960,south africa,M,Unknown,N,white,16
1339,1960,usa,M,Unknown,N,white,48
1340,1960,bermuda,M,Unknown,N,Desconocido,21
1341,1960,australia,M,Unknown,N,white,17
1342,1960,usa,M,Unknown,N,Desconocido,42
1343,1960,australia,M,Unknown,N,Desconocido,30
1344,1960,usa,M,Unknown,N,Desconocido,36
1345,1960,australia,M,Unknown,N,Bull,13
1346,1959,australia,M,Unknown,N,Desconocido,19
1347,1959,australia,M,Unknown,N,Desconocido,17
1348,1959,australia,M,Unknown,N,Desconocido,19
1349,1959,usa,M,Unknown,N,Desconocido,21
1350,1959,usa,M,Unknown,N,white,30
1351,1959,fiji,M,Unknown,N,Tiger,36
1352,1959,usa,M,Unknown,N,Desconocido,30
1353,1959,philippines,M,Unknown,N,Desconocido,10
1354,1959,japan,M,Unknown,N,Desconocido,13
1355,1959,usa,M,Unknown,N,Desconocido,25
1356,1959,usa,M,Unknown,N,white,33
1357,1959,usa,M,Unknown,N,white,18
1358,1959,usa,M,Unknown,N,Tiger,19
1359,1959,south africa,M,Unknown,N,Desconocido,14
1360,1959,australia,M,Unknown,N,Grey,20
1361,1959,australia,M,Unknown,N,Desconocido,22
1362,1959,australia,M,Unknown,N,Desconocido,17
1363,1959,south africa,M,Unknown,N,white,18
1364,1958,usa,M,Unknown,N,Tiger,15
1365,1958,american samoa,M,Unknown,N,Tiger,22
1366,1958,australia,M,Unknown,N,Desconocido,21
1367,1958,bahamas,M,Unknown,N,Desconocido,42
1368,1958,usa,M,Unknown,N,Tiger,12
1369,1958,usa,M,Unknown,N,Tiger,25
1370,1958,pacific ocean,M,Unknown,N,Desconocido,31
1371,1958,usa,M,Unknown,N,Desconocido,20
1372,1958,bahamas,M,Unknown,N,Tiger,36
1373,1958,usa,M,Unknown,N,Desconocido,59
1374,1958,usa,M,Unknown,N,Tiger,17
1375,1958,taiwan,M,Unknown,N,Desconocido,29
1376,1958,south africa,F,Unknown,N,Desconocido,28
1377,1958,south africa,M,Unknown,N,Desconocido,29
1378,1958,australia,M,Unknown,N,Desconocido,14
1379,1957,south africa,F,Unknown,N,Desconocido,14
1380,1957,south africa,M,Unknown,N,Desconocido,23
1381,1957,usa,M,Unknown,N,white,57
1382,1957,australia,M,Unknown,N,Desconocido,28
1383,1957,usa,M,Unknown,N,white,25
1384,1957,usa,M,Unknown,N,Desconocido,17
1385,1957,australia,M,Unknown,N,Desconocido,22
1386,1956,papua new guinea,M,Unknown,N,Tiger,19
1387,1956,senegal,M,Unknown,N,Lemon,19
1388,1956,usa,M,Unknown,N,white,10
1389,1956,australia,M,Unknown,N,Desconocido,26
1390,1956,australia,M,Unknown,N,Desconocido,15
1391,1955,papua new guinea,M,Unknown,N,Desconocido,25
1392,1955,american samoa,M,Unknown,N,Desconocido,28
1393,1955,usa,M,Unknown,N,white,19
1394,1955,australia,M,Unknown,N,white,25
1395,1955,australia,M,Unknown,N,Desconocido,13
1396,1954,australia,M,Unknown,N,Desconocido,30
1397,1954,argentina,M,Unknown,N,white,18
1398,1954,papua new guinea,M,Unknown,N,Desconocido,26
1399,1953,mexico,M,Unknown,N,Desconocido,19
1400,1953,usa,M,Unknown,N,Desconocido,15
1401,1953,australia,M,Unknown,N,Desconocido,25
1402,1952,australia,M,Unknown,N,Desconocido,25
1403,1952,usa,M,Unknown,N,white,17
1404,1951,australia,M,Unknown,N,Desconocido,21
1405,1951,south africa,M,Unknown,N,white,23
1406,1951,south africa,M,Unknown,N,white,24
1407,1951,australia,M,Unknown,N,Desconocido,23
1408,1951,south africa,M,Unknown,N,Desconocido,31
1409,1950,australia,M,Unknown,N,white,21
1410,1950,usa,M,Unknown,N,white,31
1411,1950,australia,M,Unknown,N,Desconocido,25
1412,1950,el salvador,M,Unknown,N,Desconocido,27
1413,1950,south africa,M,Unknown,N,white,14
1414,1950,indonesia,M,Unknown,N,Tiger,25
1415,1949,australia,M,Unknown,N,Desconocido,36
1416,1949,australia,M,Unknown,N,Desconocido,13
1417,1949,australia,M,Unknown,N,white,20
1418,1949,australia,M,Unknown,N,Desconocido,32
1419,1948,greece,M,Unknown,N,Desconocido,17
1420,1948,usa,M,Unknown,N,Desconocido,48
1421,1947,australia,M,Unknown,N,Grey,25
1422,1947,usa,M,Unknown,N,Desconocido,20
1423,1947,south africa,M,Unknown,N,Desconocido,21
1424,1947,south africa,M,Unknown,N,Desconocido,22
1425,1947,south africa,M,Unknown,N,Desconocido,18
1426,1946,australia,M,Unknown,N,Desconocido,30
1427,1946,australia,M,Unknown,N,white,18
1428,1946,south africa,M,Unknown,N,Desconocido,18
1429,1945,south africa,M,Unknown,N,Desconocido,37
1430,1945,iraq,M,Unknown,N,Bull,15
1431,1944,south africa,M,Unknown,N,white,17
1432,1943,panama,M,Unknown,N,white,20
1433,1943,mexico,M,Unknown,N,Desconocido,29
1434,1942,australia,F,Unknown,N,Bull,15
1435,1942,south africa,M,Unknown,N,white,18
1436,1942,australia,M,Unknown,N,Tiger,24
1437,1942,australia,F,Unknown,N,Bull,28
1438,1942,bahamas,M,Unknown,N,Desconocido,48
1439,1941,usa,M,Unknown,N,Desconocido,43
1440,1941,usa,M,Unknown,N,Desconocido,53
1441,1940,south africa,M,Unknown,N,white,25
1442,1940,south africa,M,Unknown,N,white,17
1443,1940,australia,M,Unknown,N,Desconocido,13
1444,1940,south africa,M,Unknown,N,Desconocido,18
1445,1939,australia,M,Unknown,N,Desconocido,20
1446,1939,bahamas,M,Unknown,N,Desconocido,38
1447,1938,australia,M,Unknown,N,Tiger,18
1448,1938,iraq,M,Unknown,N,Bull,10
1449,1938,australia,M,Unknown,N,Desconocido,24
1450,1937,australia,M,Unknown,N,Tiger,25
1451,1937,australia,M,Unknown,N,Tiger,18
1452,1937,australia,M,Unknown,N,Tiger,38
1453,1937,australia,M,Unknown,N,Desconocido,33
1454,1937,australia,M,Unknown,N,white,32
1455,1936,usa,M,Unknown,N,white,16
1456,1936,australia,M,Unknown,N,Tiger,16
1457,1936,australia,M,Unknown,N,white,14
1458,1936,australia,M,Unknown,N,white,13
1459,1935,australia,M,Unknown,N,Desconocido,38
1460,1935,australia,M,Unknown,N,white,27
1461,1935,australia,M,Unknown,N,white,22
1462,1934,australia,F,Unknown,N,Tiger,13
1463,1934,australia,M,Unknown,N,Desconocido,15
1464,1934,australia,M,Unknown,N,Desconocido,17
1465,1934,australia,M,Unknown,N,Desconocido,22
1466,1932,australia,M,Unknown,N,Grey,24
1467,1932,south africa,M,Unknown,N,Desconocido,23
1468,1931,australia,M,Unknown,N,Desconocido,39
1469,1931,australia,M,Unknown,N,Desconocido,18
1470,1930,australia,M,Unknown,N,white,18
1471,1930,south africa,M,Unknown,N,white,23
1472,1929,australia,M,Unknown,N,Grey,19
1473,1929,australia,M,Unknown,N,Desconocido,39
1474,1929,australia,M,Unknown,N,Desconocido,14
1475,1928,panama,M,Unknown,N,Desconocido,17
1476,1928,australia,M,Unknown,N,Desconocido,15
1477,1928,south africa,M,Unknown,N,Desconocido,18
1478,1927,south africa,M,Unknown,N,white,17
1479,1927,australia,M,Unknown,N,Grey,17
1480,1927,australia,M,Unknown,N,Desconocido,15
1481,1926,australia,M,Unknown,N,Grey,17
1482,1926,italy,M,Unknown,N,white,20
1483,1926,usa,M,Unknown,N,white,15
1484,1925,australia,M,Unknown,N,Tiger,55
1485,1925,australia,M,Unknown,N,Desconocido,16
1486,1924,australia,M,Unknown,N,Desconocido,16
1487,1922,australia,M,Unknown,N,Desconocido,19
1488,1922,jamaica,M,Unknown,N,Desconocido,19
1489,1922,south africa,M,Unknown,N,white,18
1490,1922,australia,M,Unknown,N,white,21
1491,1922,australia,M,Unknown,N,white,18
1492,1919,australia,M,Unknown,N,Desconocido,13
1493,1916,usa,M,Unknown,N,white,24
1494,1912,australia,M,Unknown,N,Desconocido,21
1495,1906,south africa,M,Unknown,N,Desconocido,30
1496,1905,australia,M,Unknown,N,Desconocido,40
1497,1884,south africa,M,Unknown,N,white,29
1498,1884,australia,M,Unknown,N,Desconocido,19
1499,1884,australia,M,Unknown,N,Desconocido,21
1500,1884,australia,M,Unknown,N,Bull,12
1501,1884,india,M,Unknown,N,Desconocido,35
1502,1884,seychelles,,Unknown,Y,Desconocido,25
1503,1884,Unknow,,Unknown,Y,Desconocido,25
1504,1884,england,,Sep,Y,Desconocido,25
1505,1884,australia,,Unknown,Y,Desconocido,25
1506,1884,australia,,May,N,Desconocido,25
1507,1884,Unknow,,Jul,Y,Desconocido,25
1508,1884,barbados,,Unknown,Y,Desconocido,25
1509,1884,england,,Unknown,Y,Desconocido,25
1510,1884,jamaica,,Dec,Y,Desconocido,25
1511,1884,martinique,,Mar,Y,Desconocido,25
1512,1884,usa,,Aug,Y,Desconocido,25
1513,1884,usa,,Unknown,Y,Desconocido,25
1514,1884,guinea,,Unknown,Y,Desconocido,25
1515,1884,greenland,,Unknown,Y,Desconocido,25
1516,1884,usa,,Unknown,Y,Desconocido,25
1517,1884,france,,Unknown,Unknow,Desconocido,25
1518,1884,spain,,Unknown,Y,Desconocido,25
1519,1884,mediterranean sea,,Unknown,N,Desconocido,25
1520,1884,jamaica,,Unknown,Y,Desconocido,25
1521,1884,usa,,Jul,Y,Desconocido,25
1522,1884,cuba,,Unknown,N,Desconocido,14
1523,1884,sweden,,Unknown,Unknow,Desconocido,25
1524,1884,panama,,Unknown,Y,Desconocido,25
1525,1884,Unknow,,Dec,Y,Desconocido,25
1526,1884,italy,,Unknown,Y,Desconocido,25
1527,1884,iceland,,Unknown,Unknow,Desconocido,25
1528,1884,roatan,,Unknown,Unknow,Desconocido,25
1529,1884,italy,,Unknown,Y,Desconocido,25
1530,1884,barbados,,Mar,N,Desconocido,19
1531,1884,france,,Unknown,Y,Desconocido,25
1532,1884,france,,Unknown,N,Desconocido,25
1533,1884,barbados,,Unknown,Y,Desconocido,25
1534,1884,guinea,,Unknown,Unknow,Desconocido,25
1535,1884,Unknow,,Unknown,Unknow,Desconocido,25
1536,1884,india,,Unknown,Unknow,Desconocido,25
1537,1884,india,,Unknown,Unknow,Desconocido,25
1538,1884,usa,,Unknown,Y,Desconocido,25
1539,1884,india,,Unknown,Unknow,Desconocido,25
1540,1884,between portugal & india,,Unknown,Y,Desconocido,25
1541,1884,Unknow,,Unknown,Unknow,Desconocido,25
1542,1884,france,,Unknown,Unknow,Desconocido,25
1543,1884,venezuela,,Unknown,Y,Desconocido,25
1544,1884,mexico,,Unknown,N,Desconocido,25
1545,1884,Unknow,,Unknown,Y,Desconocido,25
1546,1884,australia,,Unknown,N,Desconocido,25
1547,1884,Unknow,,Unknown,Y,Desconocido,25
1548,1884,greece,,Unknown,Y,Desconocido,25
1550,1884,italy,,Unknown,Y,Desconocido,25
1551,1884,canada,,Unknown,N,Desconocido,25
1552,1884,kenya,,Unknown,N,Desconocido,25
1553,1884,kenya,,Unknown,Y,Desconocido,25
1554,1884,panama,,Unknown,Y,Desconocido,20
1555,1884,uruguay,,Unknown,N,Desconocido,25
1556,1884,uruguay,,Unknown,Y,Desconocido,25
1557,1884,usa,,Unknown,N,Desconocido,25
1558,1884,papua new guinea,,Unknown,Y,Desconocido,25
1559,1884,australia,,Unknown,N,Desconocido,15
1560,1884,australia,,Unknown,Y,Desconocido,25
1562,1884,bermuda,,Unknown,Y,Desconocido,25
1564,1884,usa,,Unknown,Y,Desconocido,25
1565,1884,india,,Unknown,N,Desconocido,25
1566,1884,lebanon,,Unknown,N,Desconocido,25
1567,1884,spain,,Unknown,N,Desconocido,25
1568,1884,sudan,,Unknown,N,Desconocido,25
1569,1884,Unknow,,Unknown,N,Desconocido,25
1570,1884,usa,,Unknown,N,Desconocido,21
1572,1884,djibouti,,Unknown,Y,Desconocido,25
1573,1884,libya,,Unknown,Y,Desconocido,25
1574,1884,australia,,Unknown,N,Desconocido,25
1575,1884,new zealand,,Unknown,Y,Desconocido,25
1577,1884,vietnam,,Unknown,N,Desconocido,25
1578,1884,sri lanka,,Unknown,N,Desconocido,25
1579,1884,venezuela,,Unknown,Y,Desconocido,25
1582,1884,mozambique,,Unknown,N,Desconocido,25
1583,1884,south africa,,Unknown,Y,Desconocido,25
1585,1884,bahrein,,Unknown,Y,Desconocido,25
1586,1884,bahamas,,Unknown,N,Desconocido,25
1588,1884,reunion,,Unknown,N,Desconocido,25
1589,1884,solomon islands,,Unknown,N,Desconocido,25
1590,1884,korea,,Unknown,Y,Desconocido,25
1591,1884,french polynesia,,Unknown,N,Desconocido,25
1593,1884,vanuatu,,Unknown,Y,Desconocido,25
1594,1884,vanuatu,,Unknown,N,Desconocido,25
1595,1884,iran,,Unknown,N,Desconocido,25
1596,1884,usa,,Unknown,N,Desconocido,19
1598,1884,red sea?,,Unknown,N,Desconocido,25
1602,1884,usa,,Unknown,Unknow,Desconocido,25
1604,1884,mediterranean sea,,Unknown,Y,Desconocido,25
1607,1884,singapore,,Unknown,N,Desconocido,25
1608,1884,fiji,,Unknown,N,Desconocido,27
1609,1884,mozambique,,Unknown,N,Desconocido,36
1610,1884,seychelles,,Unknown,Y,Desconocido,25
1611,1884,iraq,,Unknown,N,Desconocido,25
1612,1884,iraq,,Unknown,N,Desconocido,25
1613,1884,iraq,,Unknown,N,Desconocido,16
1616,1884,bermuda,,Unknown,N,Desconocido,25
1617,1884,fiji,,Unknown,N,Desconocido,25
1618,1884,madagascar,,Unknown,Y,Desconocido,25
1621,1884,indonesia,,Unknown,Y,Desconocido,25
1622,1884,india,,Unknown,Y,Desconocido,25
1623,1884,nicaragua,,Unknown,Y,Desconocido,25
1624,1884,cuba,,Unknown,Y,Desconocido,50
1625,1884,marshall islands,,Unknown,N,Desconocido,25
1626,1884,kiribati,,Unknown,N,Desconocido,25
1627,1884,north pacific ocean,,Unknown,N,Desconocido,25
1628,1884,kiribati,,Unknown,Y,Desconocido,25
1632,1884,iran,,Unknown,Y,Desconocido,25
1635,1884,iraq,,Unknown,Y,Desconocido,13
1636,1884,saudi arabia,,Unknown,Y,Desconocido,25
1637,1884,saudi arabia,,Unknown,N,Desconocido,25
1639,1884,pacific ocean,,Unknown,Y,Desconocido,25
1640,1884,burma,,Unknown,N,Desconocido,25
1641,1884,papua new guinea,,Unknown,N,Desconocido,25
1643,1884,burma,,Unknown,Y,Desconocido,25
1644,1884,italy,,Unknown,N,Desconocido,25
1645,1884,greece,,Unknown,N,Desconocido,25
1646,1884,belize,,Unknown,Y,Desconocido,16
1647,1884,australia,,Unknown,Unknow,Desconocido,25
1648,1884,reunion,,Unknown,Y,Desconocido,25
1649,1884,south africa,,Unknown,N,Desconocido,25
1657,1884,fiji,,Unknown,Y,Desconocido,25
1661,1884,asia?,,Unknown,N,Desconocido,25
1670,1884,panama,,Unknown,Y,Desconocido,25
1671,1884,ceylon (sri lanka),,Unknown,Y,Desconocido,15
